"ACTIVIDAD";"0000";"Organizaciones sin fines de lucro"
"ACTIVIDAD";"0111";"Cultivo de cereales, legumbres y semillas oleaginosas"
"ACTIVIDAD";"0112";"Cultivo de hortalizas"
"ACTIVIDAD";"0113";"Cultivo de tubérculos"
"ACTIVIDAD";"0114";"Cultivo de caña de azúcar"
"ACTIVIDAD";"0115";"Cultivo de plantas para la obtención de fibras"
"ACTIVIDAD";"0116";"Cultivo de plantas forrajeras"
"ACTIVIDAD";"0117";"Cultivo de flores"
"ACTIVIDAD";"0119";"Otros cultivos no perennes n.c.p."
"ACTIVIDAD";"0121";"Cultivo de frutas de pepita y grano"
"ACTIVIDAD";"0122";"Cultivo de frutas tropicales y subtropicales"
"ACTIVIDAD";"0123";"Cultivos de frutas cítricas"
"ACTIVIDAD";"0124";"Cultivo de frutas de carozo (hueso)"
"ACTIVIDAD";"0125";"Cultivo de frutas secas"
"ACTIVIDAD";"0126";"Cultivo de frutos oleaginosos"
"ACTIVIDAD";"0127";"Cultivo de plantas con las que se preparan bebidas"
"ACTIVIDAD";"0128";"Cultivo de especias, plantas aromáticas, medicinales y farmacéuticas"
"ACTIVIDAD";"0129";"Cultivo de otras plantas perennes"
"ACTIVIDAD";"0131";"Propagación de plantas"
"ACTIVIDAD";"0132";"Cultivo de semillas"
"ACTIVIDAD";"0141";"Cría de ganado bovino y búfalos"
"ACTIVIDAD";"0142";"Cría de ganado equino"
"ACTIVIDAD";"0143";"Cría de ganado camélido o auquénido"
"ACTIVIDAD";"0144";"Cría de ganado ovino y caprino"
"ACTIVIDAD";"0145";"Cría de ganado porcino"
"ACTIVIDAD";"0146";"Cría de aves de corral"
"ACTIVIDAD";"0147";"Apicultura"
"ACTIVIDAD";"0149";"Cría de otros animales"
"ACTIVIDAD";"0150";"Cultivo de productos agrícolas en combinación con la cría de animales (explotación mixta)"
"ACTIVIDAD";"0161";"Actividades de apoyo a la agricultura a cambio de retribución o por contrata"
"ACTIVIDAD";"0162";"Actividades de apoyo a la ganadería a cambio de retribución o por contrata"
"ACTIVIDAD";"0163";"Actividades poscosecha"
"ACTIVIDAD";"0164";"Tratamiento de semillas"
"ACTIVIDAD";"0170";"Caza ordinaria, mediante trampas y actividades de servicios conexas"
"ACTIVIDAD";"0210";"Plantaciones forestales, conservación de bosques y zonas forestales; explotación de viveros forestales"
"ACTIVIDAD";"0220";"Extracción de madera"
"ACTIVIDAD";"0230";"Recolección de productos forestales distintos de la madera"
"ACTIVIDAD";"0240";"Servicios de apoyo a la silvicultura a cambio de una retribución o por contrata"
"ACTIVIDAD";"0311";"Pesca"
"ACTIVIDAD";"0312";"Pesca fluvial"
"ACTIVIDAD";"0321";"Explotación de criaderos de peces y granjas piscícolas"
"ACTIVIDAD";"0322";"Actividades de servicios relacionados con la acuicultura"
"ACTIVIDAD";"0510";"Extracción de carbón de piedra"
"ACTIVIDAD";"0520";"Extracción de lignito"
"ACTIVIDAD";"0610";"Extracción de petróleo crudo"
"ACTIVIDAD";"0620";"Extracción gas natural"
"ACTIVIDAD";"0710";"Extracción de minerales de hierro"
"ACTIVIDAD";"0721";"Extracción de minerales de uranio y torio"
"ACTIVIDAD";"0729";"Extracción de otros minerales metalíferos no ferrosos"
"ACTIVIDAD";"0810";"Extracción de piedra, arena y arcilla"
"ACTIVIDAD";"0891";"Extracción de minerales para la fabricación de abonos y productos químicos"
"ACTIVIDAD";"0892";"Extracción de turba"
"ACTIVIDAD";"0893";"Extracción de sal"
"ACTIVIDAD";"0899";"Explotación de otras minas y canteras n.c.p."
"ACTIVIDAD";"0910";"Actividades de exploración, prospección, perforación, sondeo y otros servicios relacionados con la extracción de petróleo y gas natural"
"ACTIVIDAD";"0990";"Actividades de exploración, prospección, drenaje, perforación y otros servicios relacionados en la explotación de minas y canteras"
"ACTIVIDAD";"1010";"Explotación de mataderos, producción, procesamiento y conservación de carne y productos cárnicos"
"ACTIVIDAD";"1020";"Elaboración y conservación de pescado y productos de pescado"
"ACTIVIDAD";"1030";"Elaboración y conservación de frutas, hortalizas y tubérculos"
"ACTIVIDAD";"1040";"Elaboración de aceites y grasas de origen vegetal y animal"
"ACTIVIDAD";"1050";"Elaboración de productos lácteos"
"ACTIVIDAD";"1061";"Beneficiado y elaboración de productos de molinería"
"ACTIVIDAD";"1062";"Elaboración de almidones y productos derivados del almidón"
"ACTIVIDAD";"1071";"Elaboración de productos de panadería"
"ACTIVIDAD";"1072";"Elaboración de azúcar"
"ACTIVIDAD";"1073";"Elaboración de cacao, chocolate y productos de confitería"
"ACTIVIDAD";"1074";"Elaboración de pastas, macarrones y fideos"
"ACTIVIDAD";"1075";"Elaboración de platos preparados, comidas sometidas a procesos de conservación, enlatado o congelado"
"ACTIVIDAD";"1079";"Elaboración de otros productos alimenticios n.c.p."
"ACTIVIDAD";"1080";"Elaboración de alimentos preparados para animales"
"ACTIVIDAD";"1101";"Destilación, rectificación y mezcla de bebidas alcohólicas"
"ACTIVIDAD";"1102";"Elaboración de vinos"
"ACTIVIDAD";"1103";"Producción de malta, elaboración de cerveza y otras  bebidas malteadas"
"ACTIVIDAD";"1104";"Elaboración de bebidas no alcohólicas; producción de aguas minerales y otras aguas embotelladas"
"ACTIVIDAD";"1200";"Elaboración de productos de tabaco"
"ACTIVIDAD";"1311";"Preparación e hilado de fibras textiles"
"ACTIVIDAD";"1312";"Fabricación de telas"
"ACTIVIDAD";"1313";"Acabado de productos textiles: blanqueo, teñido, sanforizado, plisado, estampado serigráfico de productos textiles y prendas de vestir"
"ACTIVIDAD";"1391";"Fabricación de tejidos de punto y ganchillo"
"ACTIVIDAD";"1392";"Fabricación de artículos confeccionados de materiales textiles, excepto prendas de vestir"
"ACTIVIDAD";"1393";"Fabricación de tapices y alfombras"
"ACTIVIDAD";"1394";"Fabricación de cuerdas, cordeles, bramantes y redes"
"ACTIVIDAD";"1399";"Fabricación de otros productos textiles n.c.p."
"ACTIVIDAD";"1410";"Fabricación de prendas de vestir, excepto prendas de piel"
"ACTIVIDAD";"1420";"Fabricación de artículos de piel"
"ACTIVIDAD";"1430";"Fabricación de prendas de tejidos de punto y ganchillo"
"ACTIVIDAD";"1511";"Curtido, teñido y adobo de cueros y pieles"
"ACTIVIDAD";"1512";"Fabricación de maletas, bolsos de mano y artículos similares; artículos de talabartería y guarnicionería"
"ACTIVIDAD";"1520";"Fabricación de calzado"
"ACTIVIDAD";"1610";"Aserrado, secado, tableado, descortezado y cepillado de madera"
"ACTIVIDAD";"1621";"Fabricación de hojas de madera, tableros de partículas a base de madera suficientemente delgadas"
"ACTIVIDAD";"1622";"Fabricación de partes y piezas de carpintería para edificios y construcciones de madera"
"ACTIVIDAD";"1623";"Fabricación de recipientes de madera"
"ACTIVIDAD";"1629";"Fabricación de otros productos de madera; de artículos de corcho, paja y materiales trenzables n.c.p."
"ACTIVIDAD";"1701";"Fabricación de pasta de madera, papel y cartón"
"ACTIVIDAD";"1702";"Fabricación de papel, cartón ondulado y envases de papel y cartón"
"ACTIVIDAD";"1709";"Fabricación de otros artículos de papel y cartón"
"ACTIVIDAD";"1811";"Actividades de impresión"
"ACTIVIDAD";"1812";"Actividades de encuadernación y otros servicios relacionadas con la impresión"
"ACTIVIDAD";"1820";"Reproducción de grabaciones"
"ACTIVIDAD";"1910";"Fabricación de productos de hornos de coque"
"ACTIVIDAD";"1920";"Fabricación de productos de la refinación del petróleo"
"ACTIVIDAD";"2011";"Fabricación de sustancias químicas básicas"
"ACTIVIDAD";"2012";"Fabricación de abonos y compuestos de nitrógeno"
"ACTIVIDAD";"2013";"Fabricación de plásticos y caucho sintético en formas primarias"
"ACTIVIDAD";"2021";"Fabricación de plaguicidas y otros productos químicos de uso agropecuario"
"ACTIVIDAD";"2022";"Fabricación de pinturas, barnices y productos de revestimiento similares, tintas de imprenta y masillas"
"ACTIVIDAD";"2023";"Fabricación de jabones y detergentes, preparados para limpiar y pulir, perfumes y preparados de tocador"
"ACTIVIDAD";"2029";"Fabricación de otros productos químicos n c p"
"ACTIVIDAD";"2030";"Fabricación de fibras artificiales"
"ACTIVIDAD";"2100";"Fabricación de productos farmacéuticos, sustancias químicas medicinales y productos botánicos de uso farmacéutico"
"ACTIVIDAD";"2211";"Fabricación de cubiertas y cámaras de caucho; recauchutado y renovación de cubiertas de caucho"
"ACTIVIDAD";"2219";"Fabricación de planchas, tubos, correas, cuerdas, conectores y otros productos de caucho"
"ACTIVIDAD";"2220";"Fabricación de productos de plástico"
"ACTIVIDAD";"2310";"Fabricación de vidrio y productos de vidrio"
"ACTIVIDAD";"2391";"Fabricación de productos refractarios"
"ACTIVIDAD";"2392";"Fabricación de materiales de construcción de arcilla"
"ACTIVIDAD";"2393";"Fabricación de otros productos de cerámica y porcelana"
"ACTIVIDAD";"2394";"Fabricación de cemento, cal y yeso"
"ACTIVIDAD";"2395";"Fabricación de artículos de hormigón, cemento y yeso"
"ACTIVIDAD";"2396";"Corte, tallado y acabado de la piedra"
"ACTIVIDAD";"2399";"Fabricación de otros productos minerales no metálicos n.c.p."
"ACTIVIDAD";"2410";"Industrias básicas de hierro y acero"
"ACTIVIDAD";"2420";"Fabricación de productos primarios de metales preciosos y metales no ferrosos"
"ACTIVIDAD";"2431";"Fundición de hierro y acero"
"ACTIVIDAD";"2432";"Fundición de metales no ferrosos"
"ACTIVIDAD";"2511";"Fabricación de productos metálicos para uso estructural (construcción)"
"ACTIVIDAD";"2512";"Fabricación de tanques, calderas, depósitos y recipientes de metal"
"ACTIVIDAD";"2513";"Fabricación de generadores de vapor, excepto calderas de agua caliente para calefacción central"
"ACTIVIDAD";"2520";"Fabricación de armas y municiones"
"ACTIVIDAD";"2591";"Forja, prensado, estampado y laminado de metales; pulvimetalurgia"
"ACTIVIDAD";"2592";"Tratamiento a metales: revestimiento, torneado, soldadura, enchapado, grabado, pulido, herrería y actividades afines"
"ACTIVIDAD";"2593";"Fabricación de artículos de cuchillería, herramientas de mano y artículos de ferretería"
"ACTIVIDAD";"2599";"Fabricación de otros productos elaborados de metal n.c.p."
"ACTIVIDAD";"2610";"Fabricación de condensadores, transformadores, tableros electrónicos y circuitos integrados"
"ACTIVIDAD";"2620";"Fabricación y/o ensamblado de computadoras y equipo periférico"
"ACTIVIDAD";"2630";"Fabricación de equipo de comunicaciones"
"ACTIVIDAD";"2640";"Fabricación y ensamblado de receptores de radio, televisión, aparatos de grabación y reproducción de sonido,  video y productos conexos"
"ACTIVIDAD";"2651";"Fabricación de equipo de medición, prueba, navegación y control"
"ACTIVIDAD";"2652";"Fabricación de relojes y sus partes"
"ACTIVIDAD";"2660";"Fabricación de equipo médico, quirúrgico y de aparatos ortopédicos"
"ACTIVIDAD";"2670";"Fabricación de instrumentos de óptica y equipo fotográfico"
"ACTIVIDAD";"2680";"Fabricación de soportes magnéticos y ópticos para grabación"
"ACTIVIDAD";"2710";"Fabricación de motores, generadores y transformadores eléctricos; aparatos de distribución y control de la energía eléctrica"
"ACTIVIDAD";"2720";"Fabricación de acumuladores, pilas y baterías y acumuladores"
"ACTIVIDAD";"2731";"Fabricación de cables de fibra óptica"
"ACTIVIDAD";"2732";"Fabricación de otros cables e hilos eléctricos"
"ACTIVIDAD";"2733";"Fabricación de dispositivos de cableado"
"ACTIVIDAD";"2740";"Fabricación de equipo eléctrico de iluminación"
"ACTIVIDAD";"2750";"Fabricación de aparatos de uso doméstico"
"ACTIVIDAD";"2790";"Fabricación de otros tipos de equipo eléctrico"
"ACTIVIDAD";"2811";"Fabricación de motores y turbinas, excepto motores para aeronaves, vehículos automotores y motocicletas"
"ACTIVIDAD";"2812";"Fabricación de equipo de propulsión de fluidos"
"ACTIVIDAD";"2813";"Fabricación de bombas de aire y líquido, compresores, grifos y válvulas"
"ACTIVIDAD";"2814";"Fabricación de cojinetes, engranajes, trenes de engranajes y piezas de transmisión"
"ACTIVIDAD";"2815";"Fabricación de hornos, hogares y quemadores"
"ACTIVIDAD";"2816";"Fabricación de equipo de elevación y manipulación"
"ACTIVIDAD";"2817";"Fabricación de maquinaria y equipo de oficina"
"ACTIVIDAD";"2818";"Fabricación de herramientas de mano motorizadas"
"ACTIVIDAD";"2819";"Fabricación de otros tipos de maquinaria de uso general"
"ACTIVIDAD";"2821";"Fabricación de maquinaria agropecuaria y forestal"
"ACTIVIDAD";"2822";"Fabricación de maquinaria para la conformación de metales, de máquinas herramienta y sus partes y piezas"
"ACTIVIDAD";"2823";"Fabricación de maquinaria metalúrgica"
"ACTIVIDAD";"2824";"Fabricación de maquinaria para la explotación de minas, canteras y obras de construcción"
"ACTIVIDAD";"2825";"Fabricación de maquinaria para la elaboración de alimentos, bebidas y tabaco"
"ACTIVIDAD";"2826";"Fabricación de maquinaria para la elaboración de productos textiles, prendas de vestir y cueros"
"ACTIVIDAD";"2829";"Fabricación de otros tipos de maquinaria de uso especial"
"ACTIVIDAD";"2910";"Fabricación de vehículos automotores"
"ACTIVIDAD";"2920";"Fabricación de carrocerías, cabinas para vehículos automotores; fabricación de remolques y semirremolques"
"ACTIVIDAD";"2930";"Fabricación de partes, piezas y accesorios para vehículos automotores"
"ACTIVIDAD";"3011";"Construcción de embarcaciones y estructuras flotantes"
"ACTIVIDAD";"3012";"Construcción de embarcaciones de recreo y deporte"
"ACTIVIDAD";"3020";"Fabricación de locomotoras y material rodante"
"ACTIVIDAD";"3030";"Fabricación de aeronaves, naves espaciales y maquinaria conexa"
"ACTIVIDAD";"3040";"Fabricación de vehículos militares de combate"
"ACTIVIDAD";"3091";"Fabricación de motocicletas, partes, piezas y accesorios"
"ACTIVIDAD";"3092";"Fabricación de bicicletas y de sillones de ruedas para inválidos"
"ACTIVIDAD";"3099";"Fabricación de otros tipos de equipo de transporte"
"ACTIVIDAD";"3100";"Fabricación de muebles y colchones"
"ACTIVIDAD";"3211";"Fabricación de joyas y artículos conexos"
"ACTIVIDAD";"3212";"Fabricación de artículos de bisutería"
"ACTIVIDAD";"3213";"Fabricación de artículos de orfebrería"
"ACTIVIDAD";"3220";"Fabricación de instrumentos de música"
"ACTIVIDAD";"3230";"Fabricación de artículos de deporte"
"ACTIVIDAD";"3240";"Fabricación de juegos y juguetes"
"ACTIVIDAD";"3250";"Fabricación instrumentos y materiales médicos y odontológicos"
"ACTIVIDAD";"3290";"Otras industrias manufactureras n.c.p."
"ACTIVIDAD";"3311";"Reparación y mantenimiento de productos elaborados de metal"
"ACTIVIDAD";"3312";"Reparación de maquinaria minera, industrial y de uso agropecuario"
"ACTIVIDAD";"3313";"Reparación de equipo electrónico y óptico"
"ACTIVIDAD";"3314";"Reparación de equipo eléctrico"
"ACTIVIDAD";"3315";"Reparación de equipo de transporte, excepto vehículos automotores"
"ACTIVIDAD";"3316";"Reparación de máquinas de oficina"
"ACTIVIDAD";"3319";"Reparación de otros tipos de equipo"
"ACTIVIDAD";"3320";"Instalación de maquinaria y equipo industrial"
"ACTIVIDAD";"3510";"Generación, transmisión y distribución de energía eléctrica"
"ACTIVIDAD";"3520";"Fabricación de gas; distribución de combustibles gaseosos"
"ACTIVIDAD";"3530";"Suministro de vapor, aire acondicionado, agua caliente y producción de hielo"
"ACTIVIDAD";"3600";"Captación, tratamiento y distribución de agua"
"ACTIVIDAD";"3700";"Evacuación de aguas servidas, limpieza de cloacas y alcantarillas"
"ACTIVIDAD";"3811";"Servicio de recogida de desechos no peligrosos"
"ACTIVIDAD";"3812";"Recogida de desechos peligrosos"
"ACTIVIDAD";"3821";"Tratamiento y eliminación de desechos no peligrosos"
"ACTIVIDAD";"3822";"Tratamiento y eliminación de desechos peligrosos"
"ACTIVIDAD";"3830";"Recuperación de desechos metálicos y no metálicos"
"ACTIVIDAD";"3900";"Servicios de descontaminación y otros servicios de gestión de desechos"
"ACTIVIDAD";"4100";"Construcción de edificaciones"
"ACTIVIDAD";"4210";"Construcción de obras de ingeniería civil"
"ACTIVIDAD";"4220";"Construcción de obras de servicio público"
"ACTIVIDAD";"4290";"Construcción de otras obras de ingeniería civil"
"ACTIVIDAD";"4311";"Demolición y derribo de edificios y otras estructuras"
"ACTIVIDAD";"4312";"Preparación de terreno, para obras posteriores de actividades de construcción"
"ACTIVIDAD";"4321";"Instalación de sistemas eléctricos en edificaciones y estructuras de ingeniería civil"
"ACTIVIDAD";"4322";"Instalaciones de fontanería, calefacción y aire acondicionado"
"ACTIVIDAD";"4329";"Otras instalaciones para obras de construcción"
"ACTIVIDAD";"4331";"Terminación de edificios y obras de ingeniería civil"
"ACTIVIDAD";"4390";"Otras actividades especializadas de construcción"
"ACTIVIDAD";"4510";"Venta de vehículos automotores"
"ACTIVIDAD";"4520";"Mantenimiento y reparación de vehículos automotores"
"ACTIVIDAD";"4530";"Venta de partes, piezas y accesorios para vehículos automotores"
"ACTIVIDAD";"4540";"Venta, mantenimiento y reparación de motocicletas y de sus partes, piezas y accesorios"
"ACTIVIDAD";"4610";"Venta por mayor a cambio de una retribución o por contrato"
"ACTIVIDAD";"4620";"Venta por mayor de materias primas agropecuarias y de animales vivos"
"ACTIVIDAD";"4630";"Venta por mayor de alimentos, bebidas y tabaco"
"ACTIVIDAD";"4641";"Venta por mayor de productos textiles, prendas de vestir y calzado"
"ACTIVIDAD";"4642";"Venta por mayor de libros, revistas, periódicos, papel, cartón, materiales de embalaje y artículos de librería"
"ACTIVIDAD";"4643";"Venta por mayor de artículos y equipos de uso doméstico"
"ACTIVIDAD";"4644";"Venta por mayor de productos farmacéuticos, perfumería, instrumental médico y artículos ortopédicos"
"ACTIVIDAD";"4645";"Venta por mayor de artículos de óptica, fotografía, relojería y joyería"
"ACTIVIDAD";"4649";"Venta por mayor de otros enseres domésticos"
"ACTIVIDAD";"4651";"Venta por mayor de computadoras, accesorios y programas informáticos"
"ACTIVIDAD";"4652";"Venta por mayor de equipos electrónicos, de comunicaciones y sus partes"
"ACTIVIDAD";"4653";"Venta por mayor de maquinaria, equipo y materiales agropecuarios"
"ACTIVIDAD";"4659";"Venta por mayor de otros tipos de maquinaria y equipo"
"ACTIVIDAD";"4661";"Venta por mayor de combustibles sólidos, líquidos, gaseosos y productos conexos"
"ACTIVIDAD";"4662";"Venta por mayor de metales y minerales metalíferos"
"ACTIVIDAD";"4663";"Venta por mayor de materiales de construcción, artículos de ferretería, materiales de fontanería, calefacción, y productos de vidrio"
"ACTIVIDAD";"4669";"Venta por mayor de sustancias químicas de uso industrial, desechos, chatarra y otros productos n.c.p."
"ACTIVIDAD";"4690";"Venta al por mayor de diversos productos sin especialización"
"ACTIVIDAD";"4711";"Venta por menor en supermercados, almacenes y tiendas de barrio no especializados con predominio de alimentos, bebidas y tabaco"
"ACTIVIDAD";"4719";"Venta al por menor en locales no especializados sin predominio de alimentos"
"ACTIVIDAD";"4721";"Venta por menor de alimentos en tiendas especializadas"
"ACTIVIDAD";"4722";"Venta por menor de bebidas y tabaco en tiendas especializadas"
"ACTIVIDAD";"4730";"Venta al por menor de combustible y lubricantes para vehículos automotores en comercios especializados"
"ACTIVIDAD";"4741";"Venta por menor de computadoras, equipo periférico, programas informáticos y equipo de telecomunicaciones en tiendas especializadas"
"ACTIVIDAD";"4742";"Venta por menor de equipos de sonido y audio"
"ACTIVIDAD";"4751";"Venta por menor de productos textiles en tiendas especializadas"
"ACTIVIDAD";"4752";"Venta por menor de artículos de ferretería, pintura y productos de vidrio en tiendas especializadas"
"ACTIVIDAD";"4753";"Venta por menor de tapices, alfombras y cubrimientos para paredes y pisos en tiendas especializadas"
"ACTIVIDAD";"4759";"Venta por menor de aparatos eléctricos, muebles, equipo de iluminación y otros enseres domésticos en tiendas especializadas"
"ACTIVIDAD";"4761";"Venta por menor de libros, revistas, diarios, papel, cartón, materiales de embalaje y artículos de papelería en tiendas especializadas"
"ACTIVIDAD";"4762";"Venta por menor de grabaciones de música y de vídeo en tiendas especializadas"
"ACTIVIDAD";"4763";"Venta al por menor de artículos deportivos en tiendas especializadas"
"ACTIVIDAD";"4764";"Venta por menor de juegos y juguetes en tiendas especializadas"
"ACTIVIDAD";"4771";"Venta por menor de prendas de vestir y accesorios"
"ACTIVIDAD";"4772";"Venta por menor de calzado, talabartería, marroquinería y otros artículos de cueros"
"ACTIVIDAD";"4773";"Venta por menor de productos farmacéuticos, medicinales, ortopédicos, cosméticos y artículos de perfumería en tiendas especializadas"
"ACTIVIDAD";"4774";"Venta por menor de relojes y joyas"
"ACTIVIDAD";"4775";"Venta por menor de equipo fotográfico, óptico y de presición"
"ACTIVIDAD";"4776";"Venta por menor de gas en garrafas, carbón y leña para uso doméstico"
"ACTIVIDAD";"4777";"Venta por menor de otros productos nuevos en tiendas especializadas"
"ACTIVIDAD";"4779";"Venta por menor de artículos usados en tiendas especializadas"
"ACTIVIDAD";"4781";"Venta al por menor de alimentos, bebidas y tabaco en puestos de venta y mercados"
"ACTIVIDAD";"4782";"Venta de productos textiles, prendas de vestir y calzado en puestos de venta y mercados"
"ACTIVIDAD";"4783";"Venta de libros, revistas y periódicos en puestos de venta y mercados"
"ACTIVIDAD";"4784";"Venta de papel, productos de papel y artículos de librería en puestos de venta y mercados"
"ACTIVIDAD";"4785";"Venta de juegos y juguetes en puestos de venta y mercados"
"ACTIVIDAD";"4786";"Venta de aparatos de uso doméstico, productos eléctricos y electrónicos en puestos de venta y mercados"
"ACTIVIDAD";"4787";"Venta de grabaciones de música y vídeo en puestos de venta y mercados"
"ACTIVIDAD";"4789";"Venta de otros artículos en puestos de venta y mercados"
"ACTIVIDAD";"4791";"Venta por menor por correo y por Internet"
"ACTIVIDAD";"4792";"Venta realizada por vendedores ambulantes o por vendedores a domicilio"
"ACTIVIDAD";"4799";"Otras ventas por menor no realizado en tiendas, puestos de venta o mercados"
"ACTIVIDAD";"4911";"Transporte de pasajeros por vía férrea"
"ACTIVIDAD";"4912";"Transporte de carga por vía férrea"
"ACTIVIDAD";"4921";"Transporte regular urbano y suburbano de pasajeros por vía terrestre"
"ACTIVIDAD";"4922";"Otras actividades de transporte de pasajeros por vía terrestre"
"ACTIVIDAD";"4923";"Transporte automotor de carga por carretera"
"ACTIVIDAD";"4930";"Transporte por tuberías"
"ACTIVIDAD";"5011";"Transporte de pasajeros marítimo y de cabotaje"
"ACTIVIDAD";"5012";"Transporte de carga marítimo y de cabotaje"
"ACTIVIDAD";"5021";"Transporte de pasajeros por vías de navegación interiores"
"ACTIVIDAD";"5022";"Transporte de carga por vías de navegación interiores"
"ACTIVIDAD";"5110";"Transporte de pasajeros por vía aérea"
"ACTIVIDAD";"5120";"Transporte de carga por vía aérea"
"ACTIVIDAD";"5210";"Almacenamiento y depósito"
"ACTIVIDAD";"5221";"Servicios vinculados al transporte terrestre"
"ACTIVIDAD";"5222";"Servicio de puertos y otros servicios complementarios de transporte por agua"
"ACTIVIDAD";"5223";"Servicio de aeropuertos, terminales aéreas y otros servicios complementarios del transporte aéreo"
"ACTIVIDAD";"5224";"Servicios de manipulación de carga"
"ACTIVIDAD";"5229";"Otras actividades de apoyo al transporte"
"ACTIVIDAD";"5310";"Actividades de correo nacional"
"ACTIVIDAD";"5320";"Actividades de courier"
"ACTIVIDAD";"5510";"Servicio de hoteles, moteles y otro tipo de hospedaje para estancias cortas"
"ACTIVIDAD";"5520";"Actividades de campamentos para visitantes temporales"
"ACTIVIDAD";"5590";"Otras actividades de alojamiento"
"ACTIVIDAD";"5611";"Expendio de comida en locales"
"ACTIVIDAD";"5612";"Expendio de comida en puestos fijos y móviles"
"ACTIVIDAD";"5621";"Suministro de comidas bajo contrato"
"ACTIVIDAD";"5629";"Suministro de comidas  por concesionarios"
"ACTIVIDAD";"5630";"Expendio de bebidas en locales y puestos"
"ACTIVIDAD";"5811";"Edición de libros impresos, en formato electrónico, grabaciones sonoras o por Internet"
"ACTIVIDAD";"5812";"Edición de directorios, guías telefónicas y listas de correo"
"ACTIVIDAD";"5813";"Edición de periódicos, revistas y otras publicaciones periódicas"
"ACTIVIDAD";"5819";"Otras actividades de edición"
"ACTIVIDAD";"5820";"Edición de programas informáticos"
"ACTIVIDAD";"5911";"Actividades de producción de películas cinematográficas, vídeos y programas de televisión"
"ACTIVIDAD";"5912";"Actividades de postproducción de películas cinematográficas, vídeos y programas de televisión"
"ACTIVIDAD";"5913";"Actividades de distribución de películas cinematográficas, vídeos y programas de televisión"
"ACTIVIDAD";"5914";"Actividades de exhibición de películas cinematográficas y cintas de vídeo"
"ACTIVIDAD";"5920";"Actividades de grabación de sonido y edición de música"
"ACTIVIDAD";"6010";"Transmisiones de radio"
"ACTIVIDAD";"6020";"Programación y transmisiones de televisión"
"ACTIVIDAD";"6110";"Actividades de telecomunicación alámbrica"
"ACTIVIDAD";"6120";"Actividades de telecomunicación inalámbrica"
"ACTIVIDAD";"6130";"Actividades de telecomunicaciones por satélite"
"ACTIVIDAD";"6190";"Servicios telefónicos y de internet al público y otras actividades de telecomunicaciones"
"ACTIVIDAD";"6201";"Actividades de programación informática"
"ACTIVIDAD";"6202";"Actividades de consultoría de informática y de gestión de instalaciones informáticas"
"ACTIVIDAD";"6209";"Otras actividades de tecnología de la información y de servicios informáticos"
"ACTIVIDAD";"6311";"Procesamiento de datos, hospedaje y actividades conexas"
"ACTIVIDAD";"6312";"Portales web"
"ACTIVIDAD";"6391";"Actividades de agencias de noticias"
"ACTIVIDAD";"6399";"Otras actividades de servicios de información n.c.p."
"ACTIVIDAD";"6411";"Banca central"
"ACTIVIDAD";"6412";"Servicios de entidades financieras de segundo piso"
"ACTIVIDAD";"6419";"Otros tipos de intermediación monetaria"
"ACTIVIDAD";"6420";"Actividades de sociedades de cartera"
"ACTIVIDAD";"6430";"Fondos y sociedades de inversión y entidades financieras similares"
"ACTIVIDAD";"6491";"Arrendamiento financiero"
"ACTIVIDAD";"6492";"Otras actividades de concesión de crédito"
"ACTIVIDAD";"6499";"Otras actividades de servicios financieros, excepto las de seguros y fondos de pensiones n.c.p."
"ACTIVIDAD";"6511";"Servicio de planes de seguros de vida"
"ACTIVIDAD";"6512";"Servicios de planes de seguros generales"
"ACTIVIDAD";"6520";"Reaseguros"
"ACTIVIDAD";"6530";"Fondos de pensiones"
"ACTIVIDAD";"6611";"Administración de mercados financieros"
"ACTIVIDAD";"6612";"Títulos de valor y contratos de corretaje de materias primas"
"ACTIVIDAD";"6619";"Otras actividades auxiliares de los servicios financieros"
"ACTIVIDAD";"6621";"Evaluación de riesgos y daños"
"ACTIVIDAD";"6622";"Actividades de agentes y corredores de seguros"
"ACTIVIDAD";"6629";"Otras actividades auxiliares de las actividades de seguros y fondos de pensiones"
"ACTIVIDAD";"6630";"Actividades de gestión de fondos"
"ACTIVIDAD";"6810";"Actividades inmobiliarias realizadas con bienes propios o arrendados"
"ACTIVIDAD";"6820";"Actividades inmobiliarias realizadas a cambio de una retribución o por contrato"
"ACTIVIDAD";"6910";"Servicios jurídicos"
"ACTIVIDAD";"6920";"Servicios de contabilidad, teneduría de libros y auditoria; consultoría fiscal"
"ACTIVIDAD";"7010";"Actividades de oficinas principales"
"ACTIVIDAD";"7020";"Actividades de consultoría de gestión"
"ACTIVIDAD";"7110";"Actividades de arquitectura e ingeniería y actividades conexas de consultoría técnica"
"ACTIVIDAD";"7120";"Ensayos y análisis técnicos"
"ACTIVIDAD";"7210";"Investigaciones y desarrollo experimental en el campo de las Ciencias Naturales y la Ingeniería"
"ACTIVIDAD";"7220";"Investigaciones y desarrollo experimental en el campo de las Ciencias Sociales y las Humanidades"
"ACTIVIDAD";"7310";"Publicidad"
"ACTIVIDAD";"7320";"Estudios de mercado y realización de encuestas de opinión pública"
"ACTIVIDAD";"7410";"Actividades especializadas de diseño"
"ACTIVIDAD";"7420";"Actividades de fotografía"
"ACTIVIDAD";"7491";"Consultoría en agronomía"
"ACTIVIDAD";"7492";"Actividades de traducción e interpretación"
"ACTIVIDAD";"7493";"Consultoría en economía"
"ACTIVIDAD";"7494";"Consultoría en sociología"
"ACTIVIDAD";"7495";"Consultoría en antropología y arqueología"
"ACTIVIDAD";"7496";"Actividades en meteorología"
"ACTIVIDAD";"7497";"Actividades de agentes y representantes de artistas y deportistas"
"ACTIVIDAD";"7498";"Consultoría en mercadotécnia"
"ACTIVIDAD";"7499";"Otras actividades profesionales y técnicas n.c.p."
"ACTIVIDAD";"7500";"Actividades veterinarias"
"ACTIVIDAD";"7710";"Alquiler de vehículos automotores sin conductor"
"ACTIVIDAD";"7721";"Alquiler de equipo recreativo y deportivo"
"ACTIVIDAD";"7722";"Alquiler de cintas de vídeo"
"ACTIVIDAD";"7729";"Alquiler de otros efectos personales y enseres domésticos"
"ACTIVIDAD";"7731";"Alquiler de motocicletas y equipo de transporte acuático y aéreo"
"ACTIVIDAD";"7732";"Alquiler de maquinaria y equipo agropecuario sin operador"
"ACTIVIDAD";"7733";"Alquiler de maquinaria y equipo de construcción e ingeniería civil sin operador"
"ACTIVIDAD";"7734";"Alquiler de equipo y mobiliario de oficina"
"ACTIVIDAD";"7739";"Alquiler de otros tipos de maquinaria y equipo sin operador n.c.p."
"ACTIVIDAD";"7740";"Arrendamiento de productos de propiedad intelectual, y productos similares, excepto obras protegidas por derechos de autor"
"ACTIVIDAD";"7810";"Actividades de agencias de empleo"
"ACTIVIDAD";"7820";"Actividades de agencias de empleo temporal"
"ACTIVIDAD";"7830";"Otras actividades de dotación de recursos humanos"
"ACTIVIDAD";"7911";"Actividades de agencias de viajes"
"ACTIVIDAD";"7912";"Actividades de operadores turísticos"
"ACTIVIDAD";"7990";"Otros servicios de reservas y actividades conexas"
"ACTIVIDAD";"8010";"Actividades de seguridad privada"
"ACTIVIDAD";"8020";"Actividades de servicios de sistemas de seguridad"
"ACTIVIDAD";"8030";"Actividades de investigación y de detectives"
"ACTIVIDAD";"8110";"Actividades combinadas de apoyo a instalaciones"
"ACTIVIDAD";"8121";"Limpieza general de edificios"
"ACTIVIDAD";"8129";"Otras actividades de limpieza de edificios e instalaciones industriales"
"ACTIVIDAD";"8130";"Actividades de plantación, cuidado y mantenimiento de parques, jardines en áreas privadas o comunitarias"
"ACTIVIDAD";"8211";"Actividades combinadas de servicios administrativos de oficina"
"ACTIVIDAD";"8219";"Actividades de fotocopiado, preparación de documentos y otras actividades especializadas de apoyo de oficina"
"ACTIVIDAD";"8220";"Actividades de centros de llamadas"
"ACTIVIDAD";"8230";"Organización de conferencias, reuniones, convenciones y exposiciones comerciales"
"ACTIVIDAD";"8291";"Actividades de agencias de cobro y agencias de calificación crediticia"
"ACTIVIDAD";"8292";"Actividades de envasado y empaquetado"
"ACTIVIDAD";"8299";"Otras actividades de servicios de apoyo a las empresas n.c.p."
"ACTIVIDAD";"8411";"Actividades de la administración pública en general"
"ACTIVIDAD";"8412";"Regulación de las actividades de organismos que prestan servicios de salud, educación, cultura, vivienda y otros servicios sociales, excepto servicios de seguridad social"
"ACTIVIDAD";"8413";"Actividades de regulación y facilitación de la actividad económica"
"ACTIVIDAD";"8421";"Ministerio de relaciones exteriores, misiones diplomáticas y consulares"
"ACTIVIDAD";"8422";"Actividades de defensa"
"ACTIVIDAD";"8423";"Actividades de mantenimiento del orden público y de seguridad"
"ACTIVIDAD";"8430";"Actividades de planes de seguridad social de afiliación obligatoria"
"ACTIVIDAD";"8511";"Educación preescolar"
"ACTIVIDAD";"8512";"Educación primaria"
"ACTIVIDAD";"8521";"Educación secundaria de formación general"
"ACTIVIDAD";"8522";"Educación secundaria de formación técnica y profesional"
"ACTIVIDAD";"8530";"Educación superior"
"ACTIVIDAD";"8541";"Enseñanza deportiva y recreativa"
"ACTIVIDAD";"8542";"Enseñanza cultural"
"ACTIVIDAD";"8549";"Otros tipos de enseñanza n.c.p."
"ACTIVIDAD";"8550";"Actividades de apoyo a la enseñanza"
"ACTIVIDAD";"8610";"Servicios de hospitales"
"ACTIVIDAD";"8620";"Servicios médicos y odontológicos"
"ACTIVIDAD";"8691";"Servicios de medicina tradicional y alternativa"
"ACTIVIDAD";"8699";"Otros servicios relacionados con la salud humana"
"ACTIVIDAD";"8710";"Actividades de casas de reposo y convalecencia"
"ACTIVIDAD";"8720";"Servicios de atención en instituciones a personas con capacidades diferentes, perturbaciones emocionales y toxicómanos con alojamiento"
"ACTIVIDAD";"8730";"Servicios de atención en instituciones para personas de la tercera edad y personas minusválidas con alojamiento"
"ACTIVIDAD";"8790";"Otras actividades de atención en instituciones con alojamiento"
"ACTIVIDAD";"8810";"Actividades de asistencia social sin alojamiento para personas de la tercera edad y personas  minusválidas"
"ACTIVIDAD";"8890";"Otras actividades de asistencia social sin alojamiento n.c.p."
"ACTIVIDAD";"9001";"Producción de obras de teatro, conciertos, espectáculos musicales, danza y otras producciones escénicas"
"ACTIVIDAD";"9101";"Actividades de bibliotecas y archivos"
"ACTIVIDAD";"9102";"Actividades de museos, gestión de lugares y edificios históricos"
"ACTIVIDAD";"9103";"Actividades de jardines botánicos, zoológicos y de parques nacionales"
"ACTIVIDAD";"9200";"Actividades de juegos de azar y apuestas"
"ACTIVIDAD";"9311";"Actividades deportivas"
"ACTIVIDAD";"9312";"Actividades de clubes deportivos"
"ACTIVIDAD";"9319";"Otras actividades deportivas"
"ACTIVIDAD";"9321";"Actividades de parques de atracciones"
"ACTIVIDAD";"9329";"Otras actividades de esparcimiento y recreativas n.p.c."
"ACTIVIDAD";"9411";"Actividades de asociaciones empresariales y de empleadores"
"ACTIVIDAD";"9412";"Actividades de asociaciones profesionales"
"ACTIVIDAD";"9420";"Actividades de sindicatos"
"ACTIVIDAD";"9491";"Actividades de organizaciones religiosas"
"ACTIVIDAD";"9492";"Actividades de organizaciones políticas"
"ACTIVIDAD";"9499";"Actividades de otras asociaciones n.c.p."
"ACTIVIDAD";"9511";"Reparación de computadoras, servidores informáticos y terminales informáticas"
"ACTIVIDAD";"9512";"Reparación y mantenimiento de equipo de comunicaciones"
"ACTIVIDAD";"9521";"Reparación de aparatos electrónicos de consumo"
"ACTIVIDAD";"9522";"Reparación de aparatos de uso doméstico"
"ACTIVIDAD";"9523";"Reparación y mantenimiento de calzado y artículos de cuero"
"ACTIVIDAD";"9524";"Reparación de muebles y accesorios domésticos"
"ACTIVIDAD";"9529";"Reparación de otros efectos personales y enseres domésticos"
"ACTIVIDAD";"9601";"Servicios de lavado y limpieza, incluida la limpieza en seco, de productos textiles y de piel"
"ACTIVIDAD";"9602";"Servicios de peluquería y otros tratamientos de belleza"
"ACTIVIDAD";"9603";"Servicios funerarios y actividades conexas"
"ACTIVIDAD";"9604";"Actividades de baños turcos, saunas y baños de vapor"
"ACTIVIDAD";"9605";"Servicios de centros de estética y spa"
"ACTIVIDAD";"9606";"Servicios de adivinos, yatiris, espiritistas, astrólogos y afines"
"ACTIVIDAD";"9609";"Otras actividades de servicios personales n.c.p."
"ACTIVIDAD";"9700";"Actividades de hogares privados como empleadores de personal doméstico"
"ACTIVIDAD";"9810";"Actividades no diferenciadas de los hogares como productores de bienes para uso propio"
"ACTIVIDAD";"9820";"Actividades no diferenciadas de hogares privados como productores de servicios para uso propio"
"ACTIVIDAD";"9900";"Servicio de organizaciones y órganos extraterritoriales"
"CAJA_SALUD";"1";"Caja Nacional de Salud (C.N.S.)"
"CAJA_SALUD";"2";"Caja Petrolera de Salud (C.P.S.)"
"CAJA_SALUD";"3";"Caja de Salud de Caminos"
"CAJA_SALUD";"4";"Caja Bancaria Estatal de Salud (C.B.E.S.)"
"CAJA_SALUD";"5";"Caja de Salud de la Banca Privada (C.S.B.P.)"
"CAJA_SALUD";"6";"Caja de Salud Cordes"
"CAJA_SALUD";"7";"Seguro Social Universitario (S.I.S.S.U.B.)"
"CAJA_SALUD";"8";"Corporación del Seguro Social Militar (COOSMIL)"
"CAJA_SALUD";"9";"Seguro Integral de Salud (SINEC)"
"CLASIFICACION_LABORAL";"1";"Ocupaciones de dirección en la administración pública y empresas"
"CLASIFICACION_LABORAL";"10";"Fuerzas armadas"
"CLASIFICACION_LABORAL";"2";"Ocupaciones de profesionales científicos e intelectuales"
"CLASIFICACION_LABORAL";"3";"Ocupaciones de técnicos y profesionales de apoyo"
"CLASIFICACION_LABORAL";"4";"Empleados de oficina"
"CLASIFICACION_LABORAL";"5";"Trabajadores de los servicios y vendedores del comercio"
"CLASIFICACION_LABORAL";"6";"Productores y trabajadores en la agricultura, pecuaria, agropecuaria y pesca"
"CLASIFICACION_LABORAL";"7";"Trabajadores de la industria extractiva, construcción, industria manufacturera y otros oficios"
"CLASIFICACION_LABORAL";"8";"Operadores de instalaciones y maquinarias"
"CLASIFICACION_LABORAL";"9";"Trabajadores no calificados"
"GENERO";"F";"Femenino"
"GENERO";"M";"Masculino"
"LUGAR_EXPEDICION";"BN";"Beni"
"LUGAR_EXPEDICION";"CB";"Cochabamba"
"LUGAR_EXPEDICION";"CH";"Chuquisaca"
"LUGAR_EXPEDICION";"LP";"La Paz"
"LUGAR_EXPEDICION";"OR";"Oruro"
"LUGAR_EXPEDICION";"PA";"Pando"
"LUGAR_EXPEDICION";"PT";"Potosi"
"LUGAR_EXPEDICION";"SC";"Santa Cruz"
"LUGAR_EXPEDICION";"TJ";"Tarija"
"MODALIDAD_CONTRATO";"1";"Tiempo indefinido"
"MODALIDAD_CONTRATO";"2";"A plazo fijo"
"MODALIDAD_CONTRATO";"3";"Por temporada"
"MODALIDAD_CONTRATO";"4";"Por realización de obra o servicio"
"MODALIDAD_CONTRATO";"5";"Condicional o eventual"
"MOTIVO_RETIRO";"1";"Retiro voluntario del trabajador"
"MOTIVO_RETIRO";"10";"Retiro forzoso"
"MOTIVO_RETIRO";"2";"Vencimiento de contrato"
"MOTIVO_RETIRO";"3";"Conclusión de obra"
"MOTIVO_RETIRO";"4";"Perjuicio material causado con intención en los instrumentos de trabajo"
"MOTIVO_RETIRO";"5";"Revelación de secretos industriales"
"MOTIVO_RETIRO";"6";"Omisiones o imprudencias que afecten a la seguridad o higiene industrial"
"MOTIVO_RETIRO";"7";"Inasistencia injustificada de más de seis días continuos"
"MOTIVO_RETIRO";"8";"Incumplimiento total o parcial del convenio"
"MOTIVO_RETIRO";"9";"Robo o hurto por el trabajador"
"OBLIGACION";"OVTDJ-A01";"PLANILLA DE SEGUNDO AGUINALDO"
"OBLIGACION";"OVTDJ-A02";"PLANILLA AGUINALDO"
"OBLIGACION";"OVTDJ-P01";"PLANILLA DE PRIMA"
"OBLIGACION";"OVTDJ-R01";"CONVENIO SALARIAL"
"OBLIGACION";"OVTDJ-T0V";"PLANILLA TRIMESTRAL VENCIDA"
"OBLIGACION";"ROE";"REGISTRO OBLIGATORIO DE EMPLEADORES"
"PERIODO";"1";"Enero"
"PERIODO";"10";"Octubre"
"PERIODO";"11";"Noviembre"
"PERIODO";"12";"Diciembre"
"PERIODO";"2";"Febrero"
"PERIODO";"3";"Marzo"
"PERIODO";"4";"Abril"
"PERIODO";"5";"Mayo"
"PERIODO";"6";"Junio"
"PERIODO";"7";"Julio"
"PERIODO";"8";"Agosto"
"PERIODO";"9";"Septiembre"
"TIPO_AFP";"1";"AFP Previsión"
"TIPO_AFP";"2";"AFP Futuro"
"TIPO_CONTRATO";"1";"Escrito"
"TIPO_CONTRATO";"2";"Verbal"
"TIPO_DOC_REP_LEGAL";"0";"POR VERIFICAR"
"TIPO_DOC_REP_LEGAL";"1";"CEDULA DE IDENTIDAD"
"TIPO_DOC_REP_LEGAL";"2";"RUC"
"TIPO_DOC_REP_LEGAL";"3";"CEDULA DE EXTRANJERIA"
"TIPO_DOC_REP_LEGAL";"4";"PASAPORTE"
"TIPO_DOC_REP_LEGAL";"6";"REGISTRO DE IDENTIFICACION NACIONAL"
"TIPO_DOC_REP_LEGAL";"7";"REGISTRO UNICO NACIONAL"
"TIPO_DOC_REP_LEGAL";"8";"CERTIFICADO DE NACIMIENTO"
"TIPO_DOC_REP_LEGAL";"N";"NUMERO DE IDENTIFICACION TRIBUTARIA"
"TIPO_EMPLEADOR";"CNCF";"Con Nit y Con Fundempresa"
"TIPO_EMPLEADOR";"CNSF";"Con Nit y Sin Fundempresa"
"TIPO_EMPLEADOR";"SNCF";"Sin Nit y Con Fundempresa"
"TIPO_EMPLEADOR";"SNSF";"Sin Nit y Sin Fundempresa"
"TIPO_EMPRESA_CON_LUCRO";"1";"Empresa privada"
"TIPO_EMPRESA_CON_LUCRO";"2";"Empresa Mixta"
"TIPO_EMPRESA_CON_LUCRO";"3";"Otro"
"TIPO_EMPRESA_SIN_LUCRO";"1";"Organización religiosa"
"TIPO_EMPRESA_SIN_LUCRO";"10";"Otros"
"TIPO_EMPRESA_SIN_LUCRO";"2";"Organización social"
"TIPO_EMPRESA_SIN_LUCRO";"3";"ONG"
"TIPO_EMPRESA_SIN_LUCRO";"4";"Fundaciones"
"TIPO_EMPRESA_SIN_LUCRO";"5";"Entidades civiles"
"TIPO_EMPRESA_SIN_LUCRO";"6";"Cooperativas"
"TIPO_EMPRESA_SIN_LUCRO";"7";"Sindicatos"
"TIPO_EMPRESA_SIN_LUCRO";"8";"Persona Natural"
"TIPO_EMPRESA_SIN_LUCRO";"9";"Universidad Pública"
"TIPO_FORM_DDJJ";"OVTDJ-A01";"Formulario Único de Presentación de Planilla de Aguinaldo"
"TIPO_FORM_DDJJ";"OVTDJ-P01";"Formulario de Presentación  de Planilla de Primas"
"TIPO_FORM_DDJJ";"OVTDJ-R01";"Formulario de Retroactivo del Incremento Salarial"
"TIPO_FORM_DDJJ";"OVTDJ-T01";"Formulario Único de Presentacion Trimestral  del Planillas de Sueldos y Salario y Accidentes de Trabajo"
"TIPO_INSTITUCION";"1";"Con fines de lucro"
"TIPO_INSTITUCION";"2";"Sin fines de lucro"
"TIPO_PLANILLA";"1";"Planilla mensual"
"TIPO_PLANILLA";"2";"Planilla de aguinaldo"
"TIPO_PLANILLA";"4";"Planilla segundo aguinaldo"
"TIPO_SOCIEDAD";"01";"EMPRESA UNIPERSONAL"
"TIPO_SOCIEDAD";"03";"SOCIEDAD COLECTIVA "
"TIPO_SOCIEDAD";"04";"SOCIEDAD DE RESPONSABILIDAD LIMITADA"
"TIPO_SOCIEDAD";"05";"SOCIEDAD EN COMANDITA SIMPLE"
"TIPO_SOCIEDAD";"06";"SOCIEDAD EN COMANDITA POR ACCIONES"
"TIPO_SOCIEDAD";"07";"SOCIEDAD ANONIMA"
"TIPO_SOCIEDAD";"08";"SOCIEDAD ANONIMA MIXTA"
"TIPO_SOCIEDAD";"09";"SOCIEDAD CONSTITUIDA EN EL EXTRANJERO"
"TIPO_SOCIEDAD";"10";"ENTIDAD FINANCIERA DE VIVIENDA"
"TIPO_SOCIEDAD";"11";"INSTITUCIÓN/ORGANIZACIÓN SIN LUCRO"
"TIPO_SUCURSAL";"1";"Casa Matriz"
"TIPO_SUCURSAL";"2";"Sucursal"
